Name,City,Address
John,Bacoor,Street 1
Maria,Imus,Street 2
Louis,Dasmarinas,Street 3
Angela,Silang,Street 4
Mark,General Trias,Street 5
Sophia,Trece Martires,Street 6
Daniel,Amadeo,Street 7
Patricia,Indang,Street 8
Michael,Tanza,Street 9
Emma,Naic,Street 10
Gene,Maragondon,Street 11
Olivia,General Mariano Alvarez,Street 12
Emmanuel,Carmona,Street 13
Ethan,Kawit,Street 14
Jessica,Cavite City,Street 15
David,Noveleta,Street 16
Chloe,Rosario,Street 17
Christopher,Tagaytay,Street 18
Hannah,Mendez,Street 19
Samuel,Alfonso,Street 20
Karen,General Emilio Aguinaldo,Street 21
Paul,Magallanes,Street 22
Lisa,Ternate,Street 23
Nathan,Bacoor,Street 24
Megan,Imus,Street 25
James,Dasmarinas,Street 26
Sarah,Silang,Street 27
Robert,General Trias,Street 28
Ashley,Trece Martires,Street 29
Benjamin,Amadeo,Street 30
Lily,Indang,Street 31
Charles,Tanza,Street 32
Victoria,Naic,Street 33
Joshua,Maragondon,Street 34
Samantha,General Mariano Alvarez,Street 35
William,Carmona,Street 36
Grace,Kawit,Street 37
Anthony,Cavite City,Street 38
Emily,Noveleta,Street 39
George,Rosario,Street 40
Jennifer,Tagaytay,Street 41
Andrew,Mendez,Street 42
Rachel,Alfonso,Street 43
Henry,General Emilio Aguinaldo,Street 44
Julia,Magallanes,Street 45
Kevin,Ternate,Street 46
Lauren,Bacoor,Street 47
Richard,Imus,Street 48
Claire,Dasmarinas,Street 49
Patrick,Silang,Street 50
Nancy,General Trias,Street 51
Matthew,Trece Martires,Street 52
Stephanie,Amadeo,Street 53
Jonathan,Indang,Street 54
Brenda,Tanza,Street 55
Steven,Naic,Street 56
Rachel,Maragondon,Street 57
Frank,General Mariano Alvarez,Street 58
Amanda,Carmona,Street 59
Brian,Kawit,Street 60
Denise,Cavite City,Street 61
Thomas,Noveleta,Street 62
Heather,Rosario,Street 63
Peter,Tagaytay,Street 64
Diane,Mendez,Street 65
Edward,Alfonso,Street 66
Alison,General Emilio Aguinaldo,Street 67
Kyle,Magallanes,Street 68
Rebecca,Ternate,Street 69
Scott,Bacoor,Street 70
Carol,Imus,Street 71
Victor,Dasmarinas,Street 72
Kimberly,Silang,Street 73
Justin,General Trias,Street 74
Janet,Trece Martires,Street 75
Albert,Amadeo,Street 76
Veronica,Indang,Street 77
Arthur,Tanza,Street 78
Melissa,Naic,Street 79
Fred,Maragondon,Street 80
Alice,General Mariano Alvarez,Street 81
Simon,Carmona,Street 82
Gina,Kawit,Street 83
Lawrence,Cavite City,Street 84
Claire,Noveleta,Street 85
Owen,Rosario,Street 86
Iris,Tagaytay,Street 87
Leonard,Mendez,Street 88
Fiona,Alfonso,Street 89
Howard,General Emilio Aguinaldo,Street 90
Doris,Magallanes,Street 91
Adam,Ternate,Street 92
Hazel,Bacoor,Street 93
Oscar,Imus,Street 94
Nora,Dasmarinas,Street 95
Greg,Silang,Street 96
Teresa,General Trias,Street 97
Philip,Trece Martires,Street 98
Evelyn,Amadeo,Street 99
Roger,Indang,Street 100
Sean,Dasmarinas,Street 101
Evelyn,Silang,Street 102
Ryan,General Trias,Street 103
Zoe,Imus,Street 104
Chris,Trece Martires,Street 105
Linda,Tanza,Street 106
Joseph,Bacoor,Street 107
Angela,Dasmarinas,Street 108
Gabriel,Silang,Street 109
Leah,General Trias,Street 110
Victor,Imus,Street 111
Sarah,Trece Martires,Street 112
Richard,Tanza,Street 113
Brenda,Bacoor,Street 114
Martin,Dasmarinas,Street 115
Emma,Silang,Street 116
Steven,General Trias,Street 117
Ivy,Imus,Street 118
Dennis,Trece Martires,Street 119
Gloria,Tanza,Street 120
David,Bacoor,Street 121
Nora,Dasmarinas,Street 122
Oscar,Silang,Street 123
Brian,General Trias,Street 124
Isabel,Imus,Street 125
Ethan,Trece Martires,Street 126
Wendy,Tanza,Street 127
Albert,Bacoor,Street 128
George,Dasmarinas,Street 129
Jane,Silang,Street 130
Michael,General Trias,Street 131
Olivia,Imus,Street 132
Derek,Trece Martires,Street 133
Claire,Tanza,Street 134
Kevin,Bacoor,Street 135
Hannah,Dasmarinas,Street 136
Alex,Silang,Street 137
Fiona,General Trias,Street 138
Peter,Imus,Street 139
Diana,Trece Martires,Street 140
Noah,Tanza,Street 141
Jessica,Bacoor,Street 142
Logan,Dasmarinas,Street 143
Hazel,Silang,Street 144
Liam,General Trias,Street 145
Betty,Imus,Street 146
Jason,Trece Martires,Street 147
Nancy,Tanza,Street 148
Joel,Bacoor,Street 149
Alan,Dasmarinas,Street 150
